theta_power,alpha_power,beta_power,theta_alpha_ratio,sample_entropy,signal_std,hjorth_complexity
0.03602317584882055,0.005180901121764808,0.00431314692181814,6.953058062989843,2.5,0.9998316437912881,2.93072862553905
0.04430313903207372,0.0046656412573872095,0.004447109394970495,9.495595917489066,2.5,0.999783276336185,2.799130800810024
0.07087044321589223,0.02486316480510284,0.002852406609424505,2.8504180890586426,2.5,0.999712469387799,3.2367460552395753
0.03602317584882055,0.005180901121764808,0.00431314692181814,6.953058062989843,2.5,0.9998316437912881,2.93072862553905
0.04430313903207372,0.0046656412573872095,0.004447109394970495,9.495595917489066,2.5,0.999783276336185,2.799130800810024
0.07087044321589223,0.02486316480510284,0.002852406609424505,2.8504180890586426,2.5,0.999712469387799,3.2367460552395753
